<?xml version="1.0" encoding="UTF-8" standalone="no"?>
<Dealers>
    <Dealer>
        <Name>Wacky Bob’s Automall</Name>
        <Vehicle id="848432" type="suv">
            <Price>17000</Price>
            <Make>Land Rover</Make>
            <Model>Range Rover</Model>
        </Vehicle>
        <Vehicle id="52523" type="pickup">
            <Price>22600</Price>
            <Make>Toyota</Make>
            <Model>Tundra</Model>
        </Vehicle>
        <Vehicle id="151e5dde" type="sedan">
            <Price>36600</Price>
            <Make>Genesis</Make>
            <Model>G70</Model>
        </Vehicle>
        <Vehicle id="ern222" type="sports car">
            <Price>22330</Price>
            <Make>Mazda</Make>
            <Model>Miata</Model>
        </Vehicle>
        <Vehicle id="48934j" type="suv">
            <Price>20123</Price>
            <Make>Ford</Make>
            <Model>Explorer</Model>
        </Vehicle>
        <Vehicle id="V1005" type="v">
            <Price>4000</Price>
            <Make>suv</Make>
            <Model>Sedan</Model>
        </Vehicle>
    </Dealer>
    <Dealer>
        <Name>google</Name>
        <Vehicle id="V1000" type="v">
            <Price>333</Price>
            <Make>sedan</Make>
            <Model>sedan</Model>
        </Vehicle>
    </Dealer>
</Dealers>
